region	network	network_fraction	n_subjects
ctx-lh-bankssts	Default	0.4803894297635605	5
ctx-lh-caudalanteriorcingulate	SalVentAttn	0.434361156191061	5
ctx-lh-caudalmiddlefrontal	Default	0.5013454244973198	5
ctx-lh-cuneus	Vis	0.6911891388994177	5
ctx-lh-entorhinal	Limbic	0.5680337968667488	5
ctx-lh-frontalpole	Limbic	0.44729849424269263	5
ctx-lh-fusiform	Vis	0.49499191435484075	5
ctx-lh-inferiorparietal	Default	0.42752892973810974	5
ctx-lh-inferiortemporal	Limbic	0.3235915796738849	5
ctx-lh-insula	SalVentAttn	0.6899109792284867	5
ctx-lh-isthmuscingulate	Default	0.5032517354767995	5
ctx-lh-lateraloccipital	Vis	0.8496312499252937	5
ctx-lh-lateralorbitofrontal	Limbic	0.524724472385754	5
ctx-lh-lingual	Vis	0.7901215270993709	5
ctx-lh-medialorbitofrontal	Default	0.4897002648168545	5
ctx-lh-middletemporal	Default	0.7066150852375348	5
ctx-lh-paracentral	SomMot	0.6350593714959317	5
ctx-lh-parahippocampal	Default	0.45638987659485464	5
ctx-lh-parsopercularis	Default	0.30886311125931926	5
ctx-lh-parsorbitalis	Default	0.6220990391722099	5
ctx-lh-parstriangularis	Default	0.5314008248749524	5
ctx-lh-pericalcarine	Vis	0.5592050049591821	5
ctx-lh-postcentral	SomMot	0.7973857247228487	5
ctx-lh-posteriorcingulate	Default	0.3193805670373173	5
ctx-lh-precentral	SomMot	0.6011381434687272	5
ctx-lh-precuneus	Default	0.5626043643940799	5
ctx-lh-rostralanteriorcingulate	Default	0.7046239210850801	5
ctx-lh-rostralmiddlefrontal	Cont	0.5319560776757919	5
ctx-lh-superiorfrontal	Default	0.5853036409675402	5
ctx-lh-superiorparietal	DorsAttn	0.534653595804675	5
ctx-lh-superiortemporal	SomMot	0.39619421766619606	5
ctx-lh-supramarginal	SalVentAttn	0.3613328845506563	5
ctx-lh-temporalpole	Limbic	0.8639584546689963	5
ctx-lh-transversetemporal	SomMot	0.8420755250023543	5
ctx-rh-bankssts	SalVentAttn	0.3014944449906597	5
ctx-rh-caudalanteriorcingulate	SalVentAttn	0.4110806806447268	5
ctx-rh-caudalmiddlefrontal	Cont	0.6621475563909774	5
ctx-rh-cuneus	Vis	0.6917102877279414	5
ctx-rh-entorhinal	Limbic	0.5976044852191641	5
ctx-rh-frontalpole	Limbic	0.7222222222222222	5
ctx-rh-fusiform	Vis	0.5259564841306806	5
ctx-rh-inferiorparietal	Default	0.36440168982541865	5
ctx-rh-inferiortemporal	Limbic	0.3876473171368551	5
ctx-rh-insula	SalVentAttn	0.6775316931402515	5
ctx-rh-isthmuscingulate	Default	0.49454840705227343	5
ctx-rh-lateraloccipital	Vis	0.8552699508192267	5
ctx-rh-lateralorbitofrontal	Limbic	0.423544592783761	5
ctx-rh-lingual	Vis	0.8016981012524553	5
ctx-rh-medialorbitofrontal	Limbic	0.4556930010116803	5
ctx-rh-middletemporal	Default	0.6647603825887172	5
ctx-rh-paracentral	SomMot	0.6984259879437374	5
ctx-rh-parahippocampal	Vis	0.3942172440739776	5
ctx-rh-parsopercularis	SalVentAttn	0.3983575450275298	5
ctx-rh-parsorbitalis	Default	0.4581763651658681	5
ctx-rh-parstriangularis	Default	0.3795258019525802	5
ctx-rh-pericalcarine	Vis	0.58256591396493	5
ctx-rh-postcentral	SomMot	0.7865235854874804	5
ctx-rh-posteriorcingulate	Default	0.2724697398918362	5
ctx-rh-precentral	SomMot	0.5164319766928578	5
ctx-rh-precuneus	Default	0.4302230976748169	5
ctx-rh-rostralanteriorcingulate	Default	0.4605080831408776	5
ctx-rh-rostralmiddlefrontal	Cont	0.7332166184095347	5
ctx-rh-superiorfrontal	Default	0.4440546729001767	5
ctx-rh-superiorparietal	DorsAttn	0.5914230019493177	5
ctx-rh-superiortemporal	SomMot	0.5211641652820527	5
ctx-rh-supramarginal	SalVentAttn	0.37539566306042427	5
ctx-rh-temporalpole	Limbic	0.9006414758627148	5
ctx-rh-transversetemporal	SomMot	0.8069671619428144	5
Left-Thalamus	subcortex	1.0	5
Left-Caudate	subcortex	1.0	5
Left-Putamen	subcortex	1.0	5
Left-Pallidum	subcortex	1.0	5
Left-Hippocampus	subcortex	1.0	5
Left-Amygdala	subcortex	1.0	5
Left-Accumbens-area	subcortex	1.0	5
Right-Thalamus	subcortex	1.0	5
Right-Caudate	subcortex	1.0	5
Right-Putamen	subcortex	1.0	5
Right-Pallidum	subcortex	1.0	5
Right-Hippocampus	subcortex	1.0	5
Right-Amygdala	subcortex	1.0	5
Right-Accumbens-area	subcortex	1.0	5
Left-Cerebellum-Cortex	cerebellum	1.0	5
Right-Cerebellum-Cortex	cerebellum	1.0	5
