region	network	n_subjects	n_sessions	intra_subject_cv	inter_subject_cv	intra_inter_ratio
Left-Accumbens-area	subcortex	6	76	0.038229498137068156	0.17394364922978703	0.2197809365639176
Left-Amygdala	subcortex	6	76	0.013993288752385013	0.09634598307719083	0.1452399810085888
Left-Caudate	subcortex	6	76	0.011304216990325903	0.0759662108217334	0.14880585549874295
Left-Cerebellum-Cortex	cerebellum	6	76	0.008117624239309474	0.06934137686096532	0.1170675375481211
Left-Hippocampus	subcortex	6	76	0.00936155554760289	0.07736862818015902	0.12099937361954721
Left-Pallidum	subcortex	6	76	0.013648944142786007	0.10800887049516213	0.12636873323656655
Left-Putamen	subcortex	6	76	0.007842309449079123	0.05258434909647546	0.1491377108175475
Left-Thalamus	subcortex	6	76	0.00942944020183823	0.09699572559260256	0.09721500761222587
Right-Accumbens-area	subcortex	6	76	0.028034658962792502	0.0708310976851566	0.3957959127981644
Right-Amygdala	subcortex	6	76	0.012712304790852039	0.09256043472742709	0.1373405908073721
Right-Caudate	subcortex	6	76	0.01128470191090899	0.05784500201126309	0.19508516757786143
Right-Cerebellum-Cortex	cerebellum	6	76	0.006916470326855581	0.07742991988326219	0.08932555189625987
Right-Hippocampus	subcortex	6	76	0.009663914021865123	0.0832712676891081	0.11605340341335005
Right-Pallidum	subcortex	6	76	0.014743991567075843	0.09277933579699274	0.15891460571928065
Right-Putamen	subcortex	6	76	0.007913460005655992	0.05129197008542514	0.15428262927854744
Right-Thalamus	subcortex	6	76	0.010770380126753224	0.07707288140488905	0.1397427983803135
ctx-lh-bankssts	Default	6	76	0.012481541007832135	0.13471784122029917	0.09264950280357838
ctx-lh-caudalanteriorcingulate	SalVentAttn	6	76	0.01705957986110355	0.20880720727555332	0.08170014859013369
ctx-lh-caudalmiddlefrontal	Default	6	76	0.013039013308302377	0.18398594389593476	0.0708696166250474
ctx-lh-cuneus	Vis	6	76	0.014766996211551016	0.16607505833196948	0.08891760364180083
ctx-lh-entorhinal	Limbic	6	76	0.032215656598197744	0.12434297707519706	0.2590870618990822
ctx-lh-frontalpole	Limbic	6	76	0.02656890156989228	0.12039188785373642	0.22068680908277413
ctx-lh-fusiform	Vis	6	76	0.01668377321484028	0.10893028037770681	0.15316010531681976
ctx-lh-inferiorparietal	Default	6	76	0.013151482934262796	0.19016855968520935	0.06915697818836493
ctx-lh-inferiortemporal	Limbic	6	76	0.01470586203762724	0.09650777976999127	0.15238006793520675
ctx-lh-insula	SalVentAttn	6	76	0.01334559646879095	0.07063778879233151	0.18892998629990745
ctx-lh-isthmuscingulate	Default	6	76	0.01568476905955073	0.16306161001884467	0.09618921987669615
ctx-lh-lateraloccipital	Vis	6	76	0.014662332311215664	0.07012883680382649	0.20907707840971396
ctx-lh-lateralorbitofrontal	Limbic	6	76	0.012467636157946832	0.06423165071947615	0.1941042464002319
ctx-lh-lingual	Vis	6	76	0.014348069563158254	0.17256157400951802	0.08314753528133009
ctx-lh-medialorbitofrontal	Default	6	76	0.023025839320614	0.13144372437626115	0.17517640670848555
ctx-lh-middletemporal	Default	6	76	0.014973695591886965	0.14471766570201716	0.10346833276539129
ctx-lh-paracentral	SomMot	6	76	0.01894405181011223	0.12214268573061718	0.155097717860019
ctx-lh-parahippocampal	Default	6	76	0.019587947430615125	0.09449223750811332	0.20729689493206527
ctx-lh-parsopercularis	Default	6	76	0.015774921268147866	0.1850230247118466	0.0852592335073735
ctx-lh-parsorbitalis	Default	6	76	0.019576283967304597	0.10936880028979423	0.17899331359065263
ctx-lh-parstriangularis	Default	6	76	0.01580854196727471	0.1056468454595661	0.14963572171518427
ctx-lh-pericalcarine	Vis	6	76	0.026233594756148667	0.1401936031885151	0.18712404959642104
ctx-lh-postcentral	SomMot	6	76	0.014512923161490462	0.12103464897618611	0.11990717769046381
ctx-lh-posteriorcingulate	Default	6	76	0.01611017704591033	0.15119032026430015	0.10655561161420696
ctx-lh-precentral	SomMot	6	76	0.012193700756483974	0.07142108414005509	0.17072970682680216
ctx-lh-precuneus	Default	6	76	0.015043982699610147	0.11739825251351904	0.12814486057088245
ctx-lh-rostralanteriorcingulate	Default	6	76	0.018036448675817867	0.12163173252202775	0.14828736138039825
ctx-lh-rostralmiddlefrontal	Cont	6	76	0.013759160319153885	0.09800623871303403	0.14039065777680976
ctx-lh-superiorfrontal	Default	6	76	0.013092417134425133	0.08549098110176724	0.1531438400366479
ctx-lh-superiorparietal	DorsAttn	6	76	0.01315214839779826	0.15450295754715004	0.08512554456301968
ctx-lh-superiortemporal	SomMot	6	76	0.013452540667130877	0.06247486929409236	0.21532723187950636
ctx-lh-supramarginal	SalVentAttn	6	76	0.01277203993443893	0.14386866167992274	0.0887756915599452
ctx-lh-temporalpole	Limbic	6	76	0.05083468900132667	0.15496619235743872	0.32803728495873113
ctx-lh-transversetemporal	SomMot	6	76	0.017062774582788282	0.14628733396967436	0.1166387691932743
ctx-rh-bankssts	SalVentAttn	6	76	0.011350328123055095	0.1487850828166885	0.07628673458507484
ctx-rh-caudalanteriorcingulate	SalVentAttn	6	76	0.01446574329883128	0.3044812817907046	0.04750946663701578
ctx-rh-caudalmiddlefrontal	Cont	6	76	0.01326583356694052	0.09858258730136307	0.13456568680214684
ctx-rh-cuneus	Vis	6	76	0.016431759643513278	0.1240007905096328	0.13251334589061997
ctx-rh-entorhinal	Limbic	6	76	0.02843014559837285	0.2481494464293512	0.11456864404679214
ctx-rh-frontalpole	Limbic	6	76	0.026598642489779764	0.12508550850853178	0.21264367716877078
ctx-rh-fusiform	Vis	6	76	0.012739683257802857	0.09447471564455732	0.13484754276195368
ctx-rh-inferiorparietal	Default	6	76	0.010699442750861257	0.15187725470764882	0.07044795990984168
ctx-rh-inferiortemporal	Limbic	6	76	0.01195041375082699	0.10127030994702398	0.11800510689735651
ctx-rh-insula	SalVentAttn	6	76	0.01418330253758505	0.12595819680541642	0.1126032516922721
ctx-rh-isthmuscingulate	Default	6	76	0.012849449903501701	0.11872697955628159	0.10822687439303146
ctx-rh-lateraloccipital	Vis	6	76	0.01534087083683542	0.11964603287648753	0.1282188006406534
ctx-rh-lateralorbitofrontal	Limbic	6	76	0.015195617488988239	0.049972557974875285	0.30407924078307424
ctx-rh-lingual	Vis	6	76	0.017570869619280328	0.14529921566706264	0.12092886763781345
ctx-rh-medialorbitofrontal	Limbic	6	76	0.022814888738422943	0.024647251653699357	0.9256565015433925
ctx-rh-middletemporal	Default	6	76	0.012839055236705456	0.13393097651330416	0.09586322425887843
ctx-rh-paracentral	SomMot	6	76	0.013625337106490672	0.1265555671028951	0.10766288215051567
ctx-rh-parahippocampal	Vis	6	76	0.019169550904412212	0.06860785472746683	0.2794075252835121
ctx-rh-parsopercularis	SalVentAttn	6	76	0.014782805613420115	0.16237161379426726	0.09104304174836034
ctx-rh-parsorbitalis	Default	6	76	0.019502596901393717	0.09355245429520513	0.20846697233461345
ctx-rh-parstriangularis	Default	6	76	0.017229787199722044	0.1698594095249776	0.10143557691567523
ctx-rh-pericalcarine	Vis	6	76	0.03035577543362053	0.21250448049979673	0.1428476960214002
ctx-rh-postcentral	SomMot	6	76	0.013717340601507429	0.1667166476463505	0.08227936918816582
ctx-rh-posteriorcingulate	Default	6	76	0.014724032828862532	0.13808283579195293	0.1066318832779983
ctx-rh-precentral	SomMot	6	76	0.013571693308436272	0.07066993830027651	0.19204337282381878
ctx-rh-precuneus	Default	6	76	0.012984437902665217	0.13864374694846596	0.09365325294830316
ctx-rh-rostralanteriorcingulate	Default	6	76	0.014472512752028226	0.06336919733083118	0.22838403138470678
ctx-rh-rostralmiddlefrontal	Cont	6	76	0.013663142959529653	0.07743150676104463	0.1764545665073317
ctx-rh-superiorfrontal	Default	6	76	0.013208577340664307	0.0578625899132244	0.228274907163212
ctx-rh-superiorparietal	DorsAttn	6	76	0.01380542397799978	0.10565159339734698	0.1306693399888321
ctx-rh-superiortemporal	SomMot	6	76	0.011192012730499622	0.08140058214571202	0.1374930305838014
ctx-rh-supramarginal	SalVentAttn	6	76	0.010831247768526923	0.19735089655620203	0.05488319514901406
ctx-rh-temporalpole	Limbic	6	76	0.04819458174532389	0.08812089124152572	0.546914370319179
ctx-rh-transversetemporal	SomMot	6	76	0.020004744619264634	0.11681398929563334	0.1712529872482699
