subject	network	slope_pct_per_session	n_sessions
sub-01	Cont	-0.21349292874692496	14
sub-01	Default	-0.16688717841871709	14
sub-01	DorsAttn	-0.07020933736732303	14
sub-01	Limbic	-0.00837206909540934	14
sub-01	SalVentAttn	-0.1942285384401956	14
sub-01	SomMot	-0.16983560424842528	14
sub-01	Vis	-0.016026838679441206	14
sub-01	all	-0.10208327136556739	14
sub-01	cerebellum	-0.04315723561363795	14
sub-01	subcortex	-0.024914673096092355	14
sub-02	Cont	-0.21742811318492442	15
sub-02	Default	-0.19621605473840145	15
sub-02	DorsAttn	-0.12778967491136803	15
sub-02	Limbic	-0.18003969803411002	15
sub-02	SalVentAttn	-0.20235974135119267	15
sub-02	SomMot	-0.1664274728992651	15
sub-02	Vis	-0.05422070879175174	15
sub-02	all	-0.15466645406625532	15
sub-02	cerebellum	-0.11432033238557639	15
sub-02	subcortex	-0.10589224239620564	15
sub-03	Cont	-0.24897634630883464	15
sub-03	Default	-0.27786785218687526	15
sub-03	DorsAttn	-0.3098077867081256	15
sub-03	Limbic	-0.24373247597225303	15
sub-03	SalVentAttn	-0.2439890982603355	15
sub-03	SomMot	-0.2537794447669704	15
sub-03	Vis	-0.12709273992980816	15
sub-03	all	-0.2117276514324934	15
sub-03	cerebellum	-0.08345092636363086	15
sub-03	subcortex	-0.0922807890204453	15
sub-04	Cont	-0.23470269325898266	5
sub-04	Default	-0.17689472991637628	5
sub-04	DorsAttn	0.03829843352497864	5
sub-04	Limbic	-0.15633216421839366	5
sub-04	SalVentAttn	-0.2880357321464529	5
sub-04	SomMot	-0.4644741669650943	5
sub-04	Vis	-0.4291868523948156	5
sub-04	all	-0.21436836247707178	5
sub-04	cerebellum	-0.19998675023981555	5
sub-04	subcortex	0.03420412591265111	5
sub-05	Cont	-0.2682389009253424	13
sub-05	Default	-0.2052809308522645	13
sub-05	DorsAttn	-0.12861628693925395	13
sub-05	Limbic	-0.12363376855687193	13
sub-05	SalVentAttn	-0.09158970913356347	13
sub-05	SomMot	-0.20239056491239737	13
sub-05	Vis	-0.1285779611669489	13
sub-05	all	-0.15258256012845142	13
sub-05	cerebellum	-0.09480378356624226	13
sub-05	subcortex	-0.09378317487473616	13
sub-06	Cont	-0.176489080216181	14
sub-06	Default	-0.17562813898597968	14
sub-06	DorsAttn	-0.1986972394277386	14
sub-06	Limbic	-0.299356962031253	14
sub-06	SalVentAttn	-0.1336419496980266	14
sub-06	SomMot	-0.17883986318169465	14
sub-06	Vis	-0.1598405545345424	14
sub-06	all	-0.17456060417366462	14
sub-06	cerebellum	-0.2099642913577042	14
sub-06	subcortex	-0.09772473857613997	14
