network	session_rank	mean_deviation_pct	sem_deviation_pct	n_subjects
Cont	1	1.3231825034692033	0.35414249589699875	6
Cont	2	1.165067919195305	0.5070650910646884	6
Cont	3	0.7006196226983508	0.2548911736522088	6
Cont	4	0.7137452665827283	0.43153499017613606	6
Cont	5	0.568041657935088	0.5359535641916696	6
Cont	6	0.5533833741323754	0.5189045584037244	5
Cont	7	-0.09604100791767618	0.1484821344272099	5
Cont	8	-0.17903302702533191	0.36194704876693434	5
Cont	9	-1.1041750614442443	0.33799290905036755	5
Cont	10	-0.5445067368595387	0.3286863574440033	5
Cont	11	-0.06611662377211669	0.5748986243065761	5
Cont	12	-0.4183997224506035	0.256846100010827	5
Cont	13	-1.8196635465945588	0.4454776043060423	5
Cont	14	-1.3594592063828692	0.2222913116452437	4
Cont	15	-1.5066716170469767	0.34843652870637887	2
Default	1	1.446405107194477	0.2790747983709034	6
Default	2	1.0900816190099183	0.54599153034191	6
Default	3	0.5630223610410899	0.2803911339999419	6
Default	4	0.936720485873923	0.45416284939978424	6
Default	5	0.492559549843737	0.4564945780612057	6
Default	6	0.39339746535834685	0.3824210624039745	5
Default	7	-0.41096789524078786	0.2819686381361225	5
Default	8	-0.11047415300216053	0.39402070413567347	5
Default	9	-1.4150019907008318	0.4408626420331711	5
Default	10	-0.6060021537328885	0.30327284068277355	5
Default	11	-0.3819427378740275	0.32402845592987	5
Default	12	-0.3763068589852966	0.10839087994274198	5
Default	13	-1.1582735395168189	0.4302623362981802	5
Default	14	-0.8936482880231066	0.2052385922958776	4
Default	15	-1.6351411336070574	0.7143143449137193	2
DorsAttn	1	1.5713841259312522	0.5744367497760842	6
DorsAttn	2	0.6602713126873402	0.5770378011296924	6
DorsAttn	3	0.4085011924941789	0.24996874720399442	6
DorsAttn	4	1.0332341017839493	0.5976147056419693	6
DorsAttn	5	0.0561193933671276	0.3291585818685907	6
DorsAttn	6	0.17163536581342953	0.44192492606171174	5
DorsAttn	7	-0.49520323252310927	0.5259212571362415	5
DorsAttn	8	-0.2777699999632577	0.6323133904610243	5
DorsAttn	9	-1.236681739012978	0.6827536816024619	5
DorsAttn	10	-0.3083056291275754	0.4439654554091713	5
DorsAttn	11	0.513896629504319	0.4002679002997309	5
DorsAttn	12	-0.1801565299267649	0.23643729580617012	5
DorsAttn	13	-1.5260066531143113	0.404859732181303	5
DorsAttn	14	-0.8605877896468328	0.29819863107561956	4
DorsAttn	15	-1.120875328622295	1.2493788694950159	2
Limbic	1	1.3631977126905748	0.5356570991498346	6
Limbic	2	1.17013914217583	0.7895191473473712	6
Limbic	3	0.2553415868672256	0.6380104029215377	6
Limbic	4	0.8582790514167328	0.5640599845376004	6
Limbic	5	-0.4824236640369624	0.9914843370118297	6
Limbic	6	0.40051541338154567	0.6652091237486888	5
Limbic	7	-0.6099158786448179	0.9716051469638619	5
Limbic	8	0.11527385588013024	0.8431222732841736	5
Limbic	9	-0.03904504299287124	0.4762728908836396	5
Limbic	10	0.15750944732665464	0.38563957513745106	5
Limbic	11	-0.7450080390767	0.6537648534648481	5
Limbic	12	-0.7987945276670018	0.538260950736055	5
Limbic	13	-1.00487588743677	0.6801957173526674	5
Limbic	14	-0.6581281683682807	0.7624378044221185	4
Limbic	15	-1.866493502529087	1.5669387824687222	2
SalVentAttn	1	1.3926524035545647	0.24061509108357848	6
SalVentAttn	2	0.8078838859917288	0.4816609307921494	6
SalVentAttn	3	0.36706755539463987	0.30588361691853533	6
SalVentAttn	4	0.9216142594351612	0.32386002098918487	6
SalVentAttn	5	0.3760306400339477	0.37817124126356033	6
SalVentAttn	6	-0.07190473962556483	0.2569380263262464	5
SalVentAttn	7	-0.32891363581294686	0.1388138182769466	5
SalVentAttn	8	-0.06893756385294744	0.36833207119180317	5
SalVentAttn	9	-0.8175272897129353	0.4234960665607996	5
SalVentAttn	10	-0.19320197283306056	0.3230239827174911	5
SalVentAttn	11	-0.19795956030068337	0.20731780062349067	5
SalVentAttn	12	-0.33024572515756245	0.11450288633864732	5
SalVentAttn	13	-0.8964987440923474	0.4239663244233064	5
SalVentAttn	14	-1.1645717514067282	0.3604379747218212	4
SalVentAttn	15	-2.0036296519465604	0.6606438331616253	2
SomMot	1	1.8063081328576527	0.3336032249440282	6
SomMot	2	1.1175142855941729	0.4607450034508192	6
SomMot	3	0.43670276975876793	0.2906951103646163	6
SomMot	4	0.7345400025929211	0.44980621674074694	6
SomMot	5	0.11493663201330384	0.4150186574090307	6
SomMot	6	0.17880057741825903	0.4409881651962135	5
SomMot	7	-0.566363134094751	0.20550890876512676	5
SomMot	8	-0.28253190455457	0.5238434949054328	5
SomMot	9	-1.0031562524644069	0.39977322551659383	5
SomMot	10	-0.35225490909067925	0.4000082400925262	5
SomMot	11	-0.07690190365135452	0.28342950560232827	5
SomMot	12	-0.38541867068836844	0.12102638619555048	5
SomMot	13	-1.282274292220814	0.5500473761660898	5
SomMot	14	-0.9281918210516565	0.24980541648124163	4
SomMot	15	-1.348370602980417	0.780062016372846	2
Vis	1	1.2045197116949773	0.46210500173320623	6
Vis	2	0.8715146961697573	0.3483369080479963	6
Vis	3	0.3395954063497286	0.3519095433238399	6
Vis	4	0.5344193012913871	0.6695766589717471	6
Vis	5	-0.35264896141080865	0.38624226831099406	6
Vis	6	-0.20096855753099066	0.271763605668643	5
Vis	7	-1.1170743803381822	0.9520383522770042	5
Vis	8	-0.10178862587939821	0.45133371765306435	5
Vis	9	-1.1722064194946262	1.0237907706257148	5
Vis	10	0.10795879377458177	0.4016347030259353	5
Vis	11	0.49556677062391985	0.40878615897517223	5
Vis	12	-0.2941203967184112	0.14860998638590076	5
Vis	13	-0.3071156495822137	0.4478007469043485	5
Vis	14	-0.48068512600922697	0.3600496983399852	4
Vis	15	-0.35645904740338163	1.5404662302675773	2
cerebellum	1	1.1473013998536572	0.3076933829694471	6
cerebellum	2	0.4899980685578842	0.32224626197290607	6
cerebellum	3	0.24031129929481068	0.2961488876260656	6
cerebellum	4	0.44332405720181506	0.224788240714005	6
cerebellum	5	-0.09450486558944722	0.20441392854612103	6
cerebellum	6	0.29448656597020784	0.24724585899904195	5
cerebellum	7	-0.2691345407595791	0.18347827476401005	5
cerebellum	8	-0.5484995068807652	0.35581759717767486	5
cerebellum	9	-0.2624749928236514	0.21988391075654085	5
cerebellum	10	-0.11013966388596752	0.28786768785908834	5
cerebellum	11	0.0535914969396023	0.1403959134053753	5
cerebellum	12	-0.664633102960206	0.2143197858979757	5
cerebellum	13	-0.5009237624146667	0.19834745200726148	5
cerebellum	14	-0.505951465755114	0.3717336251403356	4
cerebellum	15	-0.648068179408276	0.1278046202748212	2
subcortex	1	0.5952144921029915	0.2485919269160745	6
subcortex	2	0.3573122843659618	0.1699593120588008	6
subcortex	3	-0.0001146018615804147	0.22262190552094072	6
subcortex	4	0.5838786585184278	0.1656874561547302	6
subcortex	5	0.17163838820281105	0.19095563214159048	6
subcortex	6	0.5159084261181233	0.14460132497061842	5
subcortex	7	-0.3012510939756931	0.1691156585339325	5
subcortex	8	-0.40014752544003895	0.24975072085380118	5
subcortex	9	-0.4077963229246536	0.14703650125296297	5
subcortex	10	0.22929446665848063	0.17832826541406116	5
subcortex	11	-0.42658077152107987	0.1983979226390483	5
subcortex	12	-0.27114560877551325	0.25890253611498354	5
subcortex	13	-0.4000194108045985	0.10203724884168655	5
subcortex	14	-0.15978943797150374	0.22451677406238	4
subcortex	15	-1.149864186380429	0.10015916009194181	2
